country_excess;country_econ;country;alpha2;alpha3;id
;Afghanistan;Afghanistan;af;afg;4
Albania;Albania;Albania;al;alb;8
;Algeria;Algeria;dz;dza;12
;;Andorra;ad;and;20
;Angola;Angola;ao;ago;24
;Antigua and Barbuda;Antigua and Barbuda;ag;atg;28
;Argentina;Argentina;ar;arg;32
Armenia;Armenia;Armenia;am;arm;51
;Australia;Australia;au;aus;36
Austria;Austria;Austria;at;aut;40
Azerbaijan;Azerbaijan;Azerbaijan;az;aze;31
;Bahrain;Bahrain;bh;bhr;48
;Bangladesh;Bangladesh;bd;bgd;50
;Barbados;Barbados;bb;brb;52
Belarus;Belarus;Belarus;by;blr;112
Belgium;Belgium;Belgium;be;bel;56
;Belize;Belize;bz;blz;84
;Benin;Benin;bj;ben;204
;Bhutan;Bhutan;bt;btn;64
Bolivia;Bolivia;Bolivia (Plurinational State of);bo;bol;68
Bosnia;Bosnia and Herzegovina;Bosnia and Herzegovina;ba;bih;70
;Botswana;Botswana;bw;bwa;72
Brazil;Brazil;Brazil;br;bra;76
;Brunei Darussalam;Brunei Darussalam;bn;brn;96
Bulgaria;Bulgaria;Bulgaria;bg;bgr;100
;Burkina Faso;Burkina Faso;bf;bfa;854
;Burundi;Burundi;bi;bdi;108
;Cabo Verde;Cabo Verde;cv;cpv;132
;Cambodia;Cambodia;kh;khm;116
;Cameroon;Cameroon;cm;cmr;120
Canada;Canada;Canada;ca;can;124
;Central African Republic;Central African Republic;cf;caf;140
;Chad;Chad;td;tcd;148
Chile;Chile;Chile;cl;chl;152
;China;China;cn;chn;156
Colombia;Colombia;Colombia;co;col;170
;Comoros;Comoros;km;com;174
;Republic of Congo;Congo;cg;cog;178
;Democratic Republic of the Congo;Congo, Democratic Republic of the;cd;cod;180
;Costa Rica;Costa Rica;cr;cri;188
;Côte d'Ivoire;Côte d'Ivoire;ci;civ;384
Croatia;Croatia;Croatia;hr;hrv;191
;;Cuba;cu;cub;192
Cyprus;Cyprus;Cyprus;cy;cyp;196
Czechia;Czech Republic;Czechia;cz;cze;203
Denmark;Denmark;Denmark;dk;dnk;208
;Djibouti;Djibouti;dj;dji;262
;Dominica;Dominica;dm;dma;212
;Dominican Republic;Dominican Republic;do;dom;214
Ecuador;Ecuador;Ecuador;ec;ecu;218
Egypt;Egypt;Egypt;eg;egy;818
;El Salvador;El Salvador;sv;slv;222
;Equatorial Guinea;Equatorial Guinea;gq;gnq;226
;Eritrea;Eritrea;er;eri;232
Estonia;Estonia;Estonia;ee;est;233
;Eswatini;Eswatini;sz;swz;748
;Ethiopia;Ethiopia;et;eth;231
;Fiji;Fiji;fj;fji;242
Finland;Finland;Finland;fi;fin;246
France;France;France;fr;fra;250
;Gabon;Gabon;ga;gab;266
Georgia;Georgia;Georgia;ge;geo;268
Germany;Germany;Germany;de;deu;276
;Ghana;Ghana;gh;gha;288
Greece;Greece;Greece;gr;grc;300
;Grenada;Grenada;gd;grd;308
;Guatemala;Guatemala;gt;gtm;320
;Guinea;Guinea;gn;gin;324
;Guinea-Bissau;Guinea-Bissau;gw;gnb;624
;Guyana;Guyana;gy;guy;328
;Haiti;Haiti;ht;hti;332
;Honduras;Honduras;hn;hnd;340
Hong Kong;Hong Kong SAR;Hong Kong;;;
Hungary;Hungary;Hungary;hu;hun;348
Iceland;Iceland;Iceland;is;isl;352
;India;India;in;ind;356
;Indonesia;Indonesia;id;idn;360
;Iraq;Iraq;iq;irq;368
Ireland;Ireland;Ireland;ie;irl;372
Iran;Islamic Republic of Iran;Iran (Islamic Republic of)	;ir;irn;364
Israel;Israel;Israel;il;isr;376
Italy;Italy;Italy;it;ita;380
;Jamaica;Jamaica;jm;jam;388
;Japan;Japan;jp;jpn;392
;Jordan;Jordan;jo;jor;400
Kazakhstan;Kazakhstan;Kazakhstan;kz;kaz;398
;Kenya;Kenya;ke;ken;404
;Kiribati;Kiribati;ki;kir;296
South Korea;Korea;Korea, Republic of;kr;kor;410
Kosovo;Kosovo;Kosovo;;;
;Kuwait;Kuwait;kw;kwt;414
Kyrgyzstan;Kyrgyz Republic;Kyrgyzstan;kg;kgz;417
;Lao P.D.R.;Lao People's Democratic Republic;la;lao;418
Latvia;Latvia;Latvia;lv;lva;428
;Lebanon;Lebanon;lb;lbn;422
;Lesotho;Lesotho;ls;lso;426
;Liberia;Liberia;lr;lbr;430
;Libya;Libya;ly;lby;434
Liechtenstein;Liechtenstein;Liechtenstein;li;lie;438
Lithuania;Lithuania;Lithuania;lt;ltu;440
Luxembourg;Luxembourg;Luxembourg;lu;lux;442
Macao;Macao SAR;Macao;;;
;Madagascar;Madagascar;mg;mdg;450
;Malawi;Malawi;mw;mwi;454
;Malaysia;Malaysia;my;mys;458
;Maldives;Maldives;mv;mdv;462
;Mali;Mali;ml;mli;466
Malta;Malta;Malta;mt;mlt;470
;Marshall Islands;Marshall Islands;mh;mhl;584
;Mauritania;Mauritania;mr;mrt;478
Mauritius;Mauritius;Mauritius;mu;mus;480
Mexico;Mexico;Mexico;mx;mex;484
;Micronesia;Micronesia (Federated States of);fm;fsm;583
Moldova;Moldova;Moldova, Republic of;md;mda;498
;;Monaco;mc;mco;492
Mongolia;Mongolia;Mongolia;mn;mng;496
;Montenegro;Montenegro;me;mne;499
;Morocco;Morocco;ma;mar;504
;Mozambique;Mozambique;mz;moz;508
;Myanmar;Myanmar;mm;mmr;104
;Namibia;Namibia;na;nam;516
;Nauru;Nauru;nr;nru;520
;Nepal;Nepal;np;npl;524
Netherlands;Netherlands;Netherlands;nl;nld;528
New Zealand;New Zealand;New Zealand;nz;nzl;554
;Nicaragua;Nicaragua;ni;nic;558
;Niger;Niger;ne;ner;562
;Nigeria;Nigeria;ng;nga;566
;North Macedonia;North Macedonia;mk;mkd;807
Norway;Norway;Norway;no;nor;578
Oman;Oman;Oman;om;omn;512
;Pakistan;Pakistan;pk;pak;586
;Palau;Palau;pw;plw;585
;Panama;Panama;pa;pan;591
;Papua New Guinea;Papua New Guinea;pg;png;598
;Paraguay;Paraguay;py;pry;600
Peru;Peru;Peru;pe;per;604
Philippines;Philippines;Philippines;ph;phl;608
Poland;Poland;Poland;pl;pol;616
Portugal;Portugal;Portugal;pt;prt;620
Qatar;Qatar;Qatar;qa;qat;634
Romania;Romania;Romania;ro;rou;642
Russia;Russia;Russian Federation;ru;rus;643
;Rwanda;Rwanda;rw;rwa;646
;St. Kitts and Nevis;Saint Kitts and Nevis;kn;kna;659
;St. Lucia;Saint Lucia;lc;lca;662
;St. Vincent and the Grenadines;Saint Vincent and the Grenadines;vc;vct;670
;Samoa;Samoa;ws;wsm;882
San Marino;San Marino;San Marino;sm;smr;674
;São Tomé and Príncipe;Sao Tome and Principe;st;stp;678
;Saudi Arabia;Saudi Arabia;sa;sau;682
;Senegal;Senegal;sn;sen;686
Serbia;Serbia;Serbia;rs;srb;688
;Seychelles;Seychelles;sc;syc;690
;Sierra Leone;Sierra Leone;sl;sle;694
;Singapore;Singapore;sg;sgp;702
Slovakia;Slovak Republic;Slovakia;sk;svk;703
Slovenia;Slovenia;Slovenia;si;svn;705
;Solomon Islands;Solomon Islands;sb;slb;90
;Somalia;Somalia;so;som;706
South Africa;South Africa;South Africa;za;zaf;710
;South Sudan;South Sudan;ss;ssd;728
Spain;Spain;Spain;es;esp;724
;Sri Lanka;Sri Lanka;lk;lka;144
;Sudan;Sudan;sd;sdn;729
;Suriname;Suriname;sr;sur;740
Sweden;Sweden;Sweden;se;swe;752
Switzerland;Switzerland;Switzerland;ch;che;756
;Syria;Syrian Arab Republic;sy;syr;760
Taiwan;Taiwan Province of China;Taiwan;;;
;Tajikistan;Tajikistan;tj;tjk;762
;Tanzania;Tanzania, United Republic of;tz;tza;834
Thailand;Thailand;Thailand;th;tha;764
San Marino;The Bahamas;Bahamas;bs;bhs;44
;The Gambia;Gambia;gm;gmb;270
;Timor-Leste;Timor-Leste;tl;tls;626
;Togo;Togo;tg;tgo;768
;Tonga;Tonga;to;ton;776
;Trinidad and Tobago;Trinidad and Tobago;tt;tto;780
;Tunisia;Tunisia;tn;tun;788
;Turkey;Turkey;tr;tur;792
;Turkmenistan;Turkmenistan;tm;tkm;795
;Tuvalu;Tuvalu;tv;tuv;798
;Uganda;Uganda;ug;uga;800
;Ukraine;Ukraine;ua;ukr;804
;United Arab Emirates;United Arab Emirates;ae;are;784
United Kingdom;United Kingdom;United Kingdom of Great Britain and Northern Ireland;gb;gbr;826
United States;United States;United States of America;us;usa;840
Uruguay;Uruguay;Uruguay;uy;ury;858
Uzbekistan;Uzbekistan;Uzbekistan;uz;uzb;860
;Vanuatu;Vanuatu;vu;vut;548
;Venezuela;Venezuela (Bolivarian Republic of);ve;ven;862
;Vietnam;Viet Nam;vn;vnm;704
;Yemen;Yemen;ye;yem;887
;Zambia;Zambia;zm;zmb;894
;Zimbabwe;Zimbabwe;zw;zwe;716